model,family,preprocessor,n_folds,n_errors,accuracy_mean,accuracy_std,balanced_accuracy_mean,balanced_accuracy_std,precision_mean,precision_std,recall_mean,recall_std,f1_mean,f1_std,roc_auc_mean,roc_auc_std,fit_time_sec_mean,fit_time_sec_std,predict_time_sec_mean,predict_time_sec_std,run_id,scenario,scenario_description,seed
logistic_regression,linear,standard,3,0,0.8313333333333333,0.012858201014657285,0.8287301587301587,0.01709870858348601,0.6814888430982816,0.01774189265274698,0.8222222222222223,0.03168128317640724,0.7451230992897658,0.020558361697469347,0.9086063492063493,0.008001666965404561,0.1787592666666266,0.034602415805905146,0.04709936666677095,0.00018734797396757598,20260429_110129,baseline,Dataset assurance standard.,0
linear_svc,svm,standard,3,0,0.8290000000000001,0.01212435565298215,0.8254761904761905,0.018174949743697804,0.6787089881007945,0.015468662374086933,0.8166666666666665,0.0371184290855335,0.7411130744151734,0.02115438637077311,0.9090857142857143,0.0066189122973491525,0.1402982333335482,0.00652379516004254,0.045311133333598264,0.000364011048072585,20260429_110129,baseline,Dataset assurance standard.,0
ridge_classifier,linear,standard,3,0,0.8256666666666667,0.008736894948054113,0.8230952380952381,0.010353721383408997,0.6729103160286428,0.017202000089752603,0.8166666666666665,0.027284509239574848,0.737550186234737,0.011945438902246957,0.9078920634920635,0.007159748810079254,0.12454376666664757,0.0022170460012197737,0.045504699999582954,0.0007083502736986785,20260429_110129,baseline,Dataset assurance standard.,0
mlp,neural_network,standard,3,0,0.8403333333333333,0.006658328118479399,0.7923015873015874,0.006565272018296402,0.7669221825624605,0.015712822113436248,0.6722222222222222,0.0069388866648871445,0.7164343875593381,0.010329389172585886,0.9076873015873016,0.007617172884431737,0.4047205666665832,0.030879804960867178,0.04758923333368633,0.0004294913310959131,20260429_110129,baseline,Dataset assurance standard.,0
sgd_classifier,linear,standard,3,0,0.7756666666666666,0.0604676221901716,0.8067460317460317,0.02230017506684849,0.5987483823482563,0.10077445424865532,0.8844444444444445,0.07618204318409758,0.7067328782485033,0.04169965175249317,0.9007682539682541,0.011580772568048478,0.12676676666675726,0.0048380353167822646,0.045310833333132905,0.0010337008770771442,20260429_110129,baseline,Dataset assurance standard.,0
random_forest,ensemble_tree,standard,3,0,0.7913333333333333,0.001527525231651948,0.6801587301587301,0.006327841036596099,0.8053906823872562,0.020002221806120518,0.40222222222222226,0.019531550923607716,0.5360855373965218,0.013480185582468532,0.869829365079365,0.009114472411051606,0.46774153333293117,0.011682564831213852,0.08403326666666544,0.0007262080165613197,20260429_110129,baseline,Dataset assurance standard.,0
dummy,baseline,standard,3,0,0.6999999999999998,1.3597399555105182e-16,0.5,0.0,0.0,0.0,0.0,0.0,0.0,0.0,0.5,0.0,0.1008822999995876,0.0025827180339288943,0.04558300000038192,0.0005806187816956385,20260429_110129,baseline,Dataset assurance standard.,0
hist_gradient_boosting,boosting,dense,3,3,,,,,,,,,,,,,,,,,20260429_110129,baseline,Dataset assurance standard.,0
ridge_classifier,linear,standard,3,0,0.8236666666666667,0.010066445913694341,0.822936507936508,0.01394297857523668,0.6675464326718087,0.012602671239188996,0.8211111111111111,0.025239592648001186,0.7363504778707232,0.016450229442808738,0.9084920634920635,0.00993676644016908,0.12532126666671198,0.0002254427276590195,0.04717703333335521,0.0020260407456155873,20260429_110129,baseline,Dataset assurance standard.,1
logistic_regression,linear,standard,3,0,0.8233333333333333,0.009291573243177578,0.8223809523809523,0.011744154719179488,0.6673003418931397,0.012723184943401,0.82,0.019999999999999962,0.7357667202732346,0.014329757282875355,0.9097317460317461,0.009560625665412005,0.1687211666667281,0.01634492520784276,0.056407633333037666,0.009172459506711434,20260429_110129,baseline,Dataset assurance standard.,1
linear_svc,svm,standard,3,0,0.824,0.014730919862656188,0.8206349206349207,0.01702727792395552,0.6707536237446,0.02115740038849443,0.8122222222222222,0.024570382652773292,0.734691633933456,0.021548171479197412,0.9111158730158729,0.00900908376723288,0.14158110000031834,0.0023238461134724364,0.04519616666645258,7.568892509620507e-05,20260429_110129,baseline,Dataset assurance standard.,1
mlp,neural_network,standard,3,0,0.8366666666666666,0.009073771725877476,0.7925396825396825,0.00787635937708765,0.7544100366872583,0.04738200651800238,0.6822222222222222,0.04299009360478468,0.7146959204053424,0.0072742279389385045,0.9034428571428572,0.008471717653463266,0.5033393999998831,0.1768490882308743,0.04819403333325075,0.000939326377211693,20260429_110129,baseline,Dataset assurance standard.,1
sgd_classifier,linear,standard,3,0,0.7926666666666667,0.051013070220614375,0.776031746031746,0.01223895988545816,0.6766381922551982,0.1540892628361732,0.7344444444444443,0.16671110518676494,0.6805493155135175,0.0067563652974275915,0.897215873015873,0.01246544642190374,0.13095363333347146,0.0038591444705145172,0.04659576666654175,0.0005182742742654151,20260429_110129,baseline,Dataset assurance standard.,1
random_forest,ensemble_tree,standard,3,0,0.8086666666666668,0.014224392195567861,0.7068253968253968,0.01979820723768072,0.8346302546707406,0.04109073506260697,0.45222222222222225,0.03671713698190733,0.5860499311902725,0.036156603978421055,0.8715738095238095,0.004777327999184359,0.5096571000000646,0.02809186110474136,0.08462280000003375,0.0013519886390968366,20260429_110129,baseline,Dataset assurance standard.,1
dummy,baseline,standard,3,0,0.6999999999999998,1.3597399555105182e-16,0.5,0.0,0.0,0.0,0.0,0.0,0.0,0.0,0.5,0.0,0.10029163333335116,0.0013981357922647332,0.04556926666646177,0.0005068387941011765,20260429_110129,baseline,Dataset assurance standard.,1
hist_gradient_boosting,boosting,dense,3,3,,,,,,,,,,,,,,,,,20260429_110129,baseline,Dataset assurance standard.,1
logistic_regression,linear,standard,3,0,0.729,0.014177446878757839,0.72515873015873,0.020105071693116056,0.536089265175053,0.016983905894199985,0.7155555555555556,0.037466034000194166,0.6128575718861519,0.02384328448886708,0.7932761904761906,0.015104624541499986,0.1784439666665397,0.01672242721772126,0.05450493333319173,0.00508439485527303,20260429_110129,high_noise,"Signal plus bruité, séparation plus difficile.",0
ridge_classifier,linear,standard,3,0,0.726,0.004358898943540678,0.7217460317460317,0.0123174500899974,0.5323455932772383,0.004183944139235084,0.7111111111111111,0.03237511618740771,0.6087359535788918,0.014467820560595111,0.7898746031746032,0.016445009259773772,0.12135666666684604,0.002867442687032897,0.04570449999998042,0.0002859115423222287,20260429_110129,high_noise,"Signal plus bruité, séparation plus difficile.",0
linear_svc,svm,standard,3,0,0.7253333333333334,0.0032145502536643214,0.7203174603174604,0.010885753169673244,0.5316535475583729,0.0028493993841880337,0.7077777777777777,0.030245905752924858,0.6070613287186185,0.012859445651994454,0.7881047619047618,0.01683279314819941,0.16066023333375293,0.0038893926705118585,0.045561833333219205,0.000669969382435454,20260429_110129,high_noise,"Signal plus bruité, séparation plus difficile.",0
sgd_classifier,linear,standard,3,0,0.618,0.23384610323886093,0.6325396825396825,0.1009707231015919,0.5174156467500356,0.180776158089224,0.668888888888889,0.32002314731096376,0.5178298353707226,0.09211895099321876,0.770547619047619,0.026962434184302615,0.13710586666669164,0.006915459081018618,0.045559566666573424,0.0006538448924372317,20260429_110129,high_noise,"Signal plus bruité, séparation plus difficile.",0
mlp,neural_network,standard,3,0,0.7626666666666667,0.0028867513459481316,0.6587301587301587,0.025506583265335732,0.6887205586459936,0.05969296851806306,0.3988888888888889,0.08604477731799708,0.4979426048109777,0.05922504631886907,0.7882063492063492,0.004507273872604181,0.3909899333333063,0.03920935856644937,0.04780316666680543,0.0009536695043741542,20260429_110129,high_noise,"Signal plus bruité, séparation plus difficile.",0
random_forest,ensemble_tree,standard,3,0,0.737,0.004582575694955844,0.5889682539682539,0.010791608116704396,0.6966829466829466,0.01659712278879066,0.2188888888888889,0.027148426050823588,0.3324275362318841,0.030588938512831693,0.7513444444444444,0.012677075997953906,0.4888576999998501,0.027164953133237545,0.08429720000003726,0.00020869156654045276,20260429_110129,high_noise,"Signal plus bruité, séparation plus difficile.",0
dummy,baseline,standard,3,0,0.6999999999999998,1.3597399555105182e-16,0.5,0.0,0.0,0.0,0.0,0.0,0.0,0.0,0.5,0.0,0.10274476666654664,0.0053822255339047165,0.04586169999978059,0.0008393192237682799,20260429_110129,high_noise,"Signal plus bruité, séparation plus difficile.",0
hist_gradient_boosting,boosting,dense,3,3,,,,,,,,,,,,,,,,,20260429_110129,high_noise,"Signal plus bruité, séparation plus difficile.",0
logistic_regression,linear,standard,3,0,0.726,0.0040000000000000036,0.712857142857143,0.005947617141331754,0.5340522852166668,0.0053115179178021546,0.68,0.01527525231651948,0.5982020438297134,0.0073444709467410515,0.7783841269841268,0.0029665762171235946,0.23035206666675853,0.018891346554479983,0.05583189999955115,0.01051879374217266,20260429_110129,high_noise,"Signal plus bruité, séparation plus difficile.",1
ridge_classifier,linear,standard,3,0,0.7233333333333333,0.0025166114784235852,0.7039682539682538,0.009092412093166318,0.5314848859237294,0.0024224836104390006,0.6555555555555556,0.025891511550513398,0.5869114182285863,0.01174484143527246,0.7741809523809525,0.0051868576289977675,0.1251302000000578,0.0008801239630629917,0.04586389999955524,0.00033294325362437995,20260429_110129,high_noise,"Signal plus bruité, séparation plus difficile.",1
linear_svc,svm,standard,3,0,0.7223333333333333,0.0015275252316519481,0.7029365079365079,0.007246601100738713,0.530174654520614,0.0021655008827147246,0.6544444444444445,0.024113927126900764,0.5856485071374559,0.0094823126540076,0.7746777777777777,0.005255402863649909,0.16449563333359643,0.00337000277501037,0.04582429999997354,0.00023953118819314663,20260429_110129,high_noise,"Signal plus bruité, séparation plus difficile.",1
sgd_classifier,linear,standard,3,0,0.628,0.17094151046483705,0.6546031746031745,0.0739914552481261,0.4762732619653562,0.13067233292445432,0.7211111111111111,0.18209684033299225,0.5482793561290634,0.05056956201697143,0.7524619047619048,0.013017664607629658,0.1326235333332685,0.011770261616538658,0.04573933333328265,0.000201675638797994,20260429_110129,high_noise,"Signal plus bruité, séparation plus difficile.",1
mlp,neural_network,standard,3,0,0.7553333333333333,0.016862186493255667,0.6617460317460316,0.023536931627035025,0.6392430709283644,0.04919995778915647,0.4277777777777778,0.05167562646325994,0.5111315978405981,0.041054132285679,0.7632619047619048,0.018886129116784986,0.4737347666665907,0.11976734526620346,0.04853116666648324,0.00052975136067258,20260429_110129,high_noise,"Signal plus bruité, séparation plus difficile.",1
random_forest,ensemble_tree,standard,3,0,0.7399999999999999,0.0017320508075688787,0.5892063492063492,0.0034366087451763957,0.7289548778312823,0.0023940420472015173,0.21222222222222223,0.0076980035891950115,0.32869626535275637,0.009515828263876812,0.7411777777777777,0.008601826499250361,0.4760112000000542,0.010302130962115158,0.08415603333317752,0.0010319617842298849,20260429_110129,high_noise,"Signal plus bruité, séparation plus difficile.",1
dummy,baseline,standard,3,0,0.6999999999999998,1.3597399555105182e-16,0.5,0.0,0.0,0.0,0.0,0.0,0.0,0.0,0.5,0.0,0.10202649999973801,0.0010139343323604987,0.046258233333295116,0.0006374264215134167,20260429_110129,high_noise,"Signal plus bruité, séparation plus difficile.",1
hist_gradient_boosting,boosting,dense,3,3,,,,,,,,,,,,,,,,,20260429_110129,high_noise,"Signal plus bruité, séparation plus difficile.",1
linear_svc,svm,standard,3,0,0.8886666666666666,0.007094598884597594,0.861111111111111,0.030736835985829027,0.4682244316797724,0.018231880106382863,0.8266666666666667,0.06806859285554046,0.5971642968712259,0.02588760289821328,0.9327444444444445,0.017681234385152966,0.13117006666652742,0.004856158405652368,0.045369833332794464,0.0005278273424875111,20260429_110129,class_imbalance,Classe positive rare.,0
sgd_classifier,linear,standard,3,0,0.8946666666666667,0.017897858344878417,0.8392592592592593,0.03981567613194106,0.48500398069363587,0.05403704089873197,0.77,0.07211102550927978,0.594535026063368,0.057897714171539515,0.9241055555555556,0.022012812627038112,0.11568150000008852,0.0003823841128568506,0.04564409999996618,0.0006664282931745537,20260429_110129,class_imbalance,Classe positive rare.,0
ridge_classifier,linear,standard,3,0,0.8816666666666667,0.011372481406154664,0.8631481481481481,0.023942661272435495,0.4518204489166377,0.026282801173387015,0.84,0.0529150262212918,0.5869487939277517,0.02679551321202822,0.9355296296296296,0.01360029653513561,0.12164550000003753,0.0037324426354305965,0.047375799999826995,0.0042012331773292645,20260429_110129,class_imbalance,Classe positive rare.,0
logistic_regression,linear,standard,3,0,0.8816666666666667,0.01106044001535805,0.8557407407407407,0.022514284445996163,0.45077086656034027,0.026770883790130647,0.8233333333333333,0.047258156262526066,0.5821032620680953,0.027961788149040774,0.9327296296296296,0.018378964536898214,0.1689411333333434,0.018736685193787135,0.04825239999991027,0.0031398855664786316,20260429_110129,class_imbalance,Classe positive rare.,0
mlp,neural_network,standard,3,0,0.9166666666666666,0.015307950004273391,0.6677777777777778,0.14657930900082894,0.43870837129264095,0.38034063447561695,0.35666666666666663,0.31085902485424693,0.3926290822842547,0.34032443047205163,0.8160703703703703,0.19395193955195983,0.46650110000033845,0.19862868122990998,0.048300599999796155,0.00045952076154576844,20260429_110129,class_imbalance,Classe positive rare.,0
random_forest,ensemble_tree,standard,3,0,0.9006666666666666,0.0005773502691896263,0.5122222222222222,0.0024216105241892214,0.5888888888888889,0.08388704928078608,0.02666666666666667,0.005773502691896256,0.05086052739469116,0.010417941747674063,0.8942925925925925,0.02063020778496976,0.4123275666664388,0.021045482694899666,0.09107276666691178,0.013211077172426432,20260429_110129,class_imbalance,Classe positive rare.,0
dummy,baseline,standard,3,0,0.9,0.0,0.5,0.0,0.0,0.0,0.0,0.0,0.0,0.0,0.5,0.0,0.10007233333332503,0.0016179094235065671,0.04558180000033948,0.0010369688712244783,20260429_110129,class_imbalance,Classe positive rare.,0
hist_gradient_boosting,boosting,dense,3,3,,,,,,,,,,,,,,,,,20260429_110129,class_imbalance,Classe positive rare.,0
ridge_classifier,linear,standard,3,0,0.8943333333333333,0.005686240703077332,0.8627777777777778,0.021278575558006156,0.483517316017316,0.015993228788016362,0.8233333333333334,0.045092497528228935,0.6089767237593325,0.020771808503647293,0.9360888888888889,0.0037017179862035084,0.12392949999987952,0.0028892369425471704,0.046358766666647476,0.0003100541941159305,20260429_110129,class_imbalance,Classe positive rare.,1
linear_svc,svm,standard,3,0,0.8903333333333334,0.0005773502691896263,0.859074074074074,0.029398986573054422,0.4720055282555283,0.003481404555623152,0.82,0.06557438524302,0.5986387373115062,0.020455716570691382,0.9347,0.010088026150091906,0.13335646666685838,0.0037482914849274666,0.04592846666673722,0.0008804509770835073,20260429_110129,class_imbalance,Classe positive rare.,1
logistic_regression,linear,standard,3,0,0.884,0.0030000000000000027,0.862962962962963,0.01521789611411243,0.4562661366366274,0.008865503070521159,0.8366666666666668,0.030550504633038912,0.5904789049296674,0.014963494533324075,0.9325444444444445,0.009679002346303827,0.1909724333339303,0.0144470599920448,0.04934173333337336,0.0036731718666274033,20260429_110129,class_imbalance,Classe positive rare.,1
sgd_classifier,linear,standard,3,0,0.8876666666666667,0.04994330118577804,0.830925925925926,0.022431881339101324,0.492999592999593,0.12367761993271884,0.7600000000000001,0.07211102550927974,0.5873408434273006,0.0846685101478674,0.9266703703703704,0.018576934900248393,0.12495906666693675,0.0059731367057831,0.0467190333332231,0.0011069039766169536,20260429_110129,class_imbalance,Classe positive rare.,1
mlp,neural_network,standard,3,0,0.928,0.005291502622129186,0.7377777777777778,0.0718279838173066,0.7035763580794637,0.03815561618988866,0.5,0.15524174696260024,0.5717807790123816,0.09716356867128113,0.9340148148148147,0.0066762277118822665,0.5422666999999516,0.027646226725659473,0.048015899999882095,0.0014115509588814258,20260429_110129,class_imbalance,Classe positive rare.,1
random_forest,ensemble_tree,standard,3,0,0.9086666666666666,0.0015275252316519481,0.5477777777777778,0.007474235581707585,0.9116809116809117,0.07941515592459462,0.09666666666666666,0.015275252316519466,0.1744324793768652,0.024790007643237893,0.9152018518518519,0.008192311084507783,0.4272991333336904,0.023081919233472692,0.08502846666639623,0.001097702174057029,20260429_110129,class_imbalance,Classe positive rare.,1
dummy,baseline,standard,3,0,0.9,0.0,0.5,0.0,0.0,0.0,0.0,0.0,0.0,0.0,0.5,0.0,0.10070786666680458,0.0012314981177293926,0.04630730000008043,0.0005507459759006823,20260429_110129,class_imbalance,Classe positive rare.,1
hist_gradient_boosting,boosting,dense,3,3,,,,,,,,,,,,,,,,,20260429_110129,class_imbalance,Classe positive rare.,1
ridge_classifier,linear,standard,3,0,0.8036666666666666,0.0020816659994661348,0.7969047619047619,0.005548181046538583,0.6424072753248092,0.0064887617077382395,0.7799999999999999,0.020000000000000018,0.7044095697761112,0.005302038299781345,0.8759968253968253,0.005294881225841395,0.11618466666671641,0.006218390235494038,0.0426818666668017,0.0011153473105807634,20260429_110129,missing_values,Plus de valeurs manquantes.,0
logistic_regression,linear,standard,3,0,0.7996666666666666,0.007767453465154036,0.7946825396825398,0.012617550075860785,0.6347143164501531,0.00815518644470392,0.7822222222222223,0.025018511664883752,0.7007411117779657,0.014757164500580674,0.8752587301587301,0.007877880761410699,0.18195843333342054,0.027391982243055224,0.0462286999997256,0.0017270032308326568,20260429_110129,missing_values,Plus de valeurs manquantes.,0
linear_svc,svm,standard,3,0,0.801,0.0030000000000000027,0.7934126984126983,0.01228519132638669,0.6389871553626586,0.003987985863343463,0.7744444444444444,0.03595264374969658,0.6999088303141209,0.012924989604389198,0.8787888888888888,0.005478509515871534,0.13839020000007926,0.0028059949320463065,0.04126719999991716,0.0009061319601184941,20260429_110129,missing_values,Plus de valeurs manquantes.,0
sgd_classifier,linear,standard,3,0,0.749,0.09959417653658272,0.7461111111111111,0.017255472255239036,0.6135691384487374,0.14301394015574512,0.7388888888888889,0.18860108793527774,0.6444913186948437,0.029323286327930312,0.8659698412698412,0.012265694590784675,0.11903586666661188,0.00682163265299395,0.04238246666651927,0.0007754079201959599,20260429_110129,missing_values,Plus de valeurs manquantes.,0
mlp,neural_network,standard,3,0,0.8136666666666666,0.017097758137642832,0.7415079365079364,0.0330775332338657,0.7542238045007031,0.00946083615641419,0.5611111111111112,0.07313103409735262,0.6419288798722872,0.052538826460087486,0.8693269841269841,0.013221684186541726,0.40937906666628504,0.05034431781081744,0.04285843333309458,0.0012438723020225832,20260429_110129,missing_values,Plus de valeurs manquantes.,0
random_forest,ensemble_tree,standard,3,0,0.777,0.006082762530298225,0.6521428571428571,0.011753804806854775,0.803130635320371,0.005463921700396252,0.34,0.026034165586355525,0.477360764189033,0.02620023244856249,0.849181746031746,0.011324619082092683,0.586469833333164,0.03282083980264333,0.09881806666635384,0.0066819037542731625,20260429_110129,missing_values,Plus de valeurs manquantes.,0
dummy,baseline,standard,3,0,0.6999999999999998,1.3597399555105182e-16,0.5,0.0,0.0,0.0,0.0,0.0,0.0,0.0,0.5,0.0,0.09693099999973735,0.008443604880138223,0.044876300000093274,0.002319937152247321,20260429_110129,missing_values,Plus de valeurs manquantes.,0
hist_gradient_boosting,boosting,dense,3,3,,,,,,,,,,,,,,,,,20260429_110129,missing_values,Plus de valeurs manquantes.,0
ridge_classifier,linear,standard,3,0,0.791,0.013856406460551033,0.785,0.009379864573139126,0.6233389827044218,0.024480675010857243,0.77,0.008819171036881984,0.6887237462327539,0.013812366297209118,0.8740333333333332,0.005341870293379656,0.11051986666704276,0.0018168485277342686,0.04029406666692618,0.0005157069449312718,20260429_110129,missing_values,Plus de valeurs manquantes.,1
linear_svc,svm,standard,3,0,0.7873333333333333,0.009291573243177578,0.7814285714285715,0.008873640549325814,0.6176859880035618,0.01748238798033161,0.7666666666666666,0.026457513110645866,0.6838357076068037,0.010758232559393014,0.8775777777777778,0.006225527750094454,0.15585463333324392,0.008839131688997815,0.04680019999977958,0.0008760289263760138,20260429_110129,missing_values,Plus de valeurs manquantes.,1
logistic_regression,linear,standard,3,0,0.7840000000000001,0.006082762530298225,0.7784126984126983,0.004000661320993164,0.6124536172911964,0.012797776952635604,0.7644444444444445,0.019531550923607685,0.6798417046704897,0.004563262838730376,0.8771619047619049,0.006130188116950921,0.18554109999968205,0.008954006082743842,0.04197906666680259,0.0022146901238176055,20260429_110129,missing_values,Plus de valeurs manquantes.,1
mlp,neural_network,standard,3,0,0.8096666666666668,0.00472581562625255,0.7503968253968254,0.014534214331823616,0.721020312055896,0.03426904125822751,0.6022222222222222,0.055008416864384735,0.654257256066526,0.018688844675845046,0.8737253968253968,0.007375230244814107,0.6135211333333549,0.14459415284274993,0.04321623333362368,0.0025497769651547666,20260429_110129,missing_values,Plus de valeurs manquantes.,1
sgd_classifier,linear,standard,3,0,0.6873333333333335,0.1500544345673707,0.7134920634920633,0.056956209724249425,0.5496237974156518,0.16695352317934867,0.7788888888888889,0.2157759468969126,0.6089938599661182,0.053224594261346646,0.8553380952380952,0.0069750722328203165,0.11876019999999698,0.0016024630261567794,0.040616866666823626,0.0018088764698282846,20260429_110129,missing_values,Plus de valeurs manquantes.,1
random_forest,ensemble_tree,standard,3,0,0.7906666666666666,0.0061101009266077925,0.6749206349206349,0.0063412648747423,0.8227200896007855,0.02872369032624441,0.3855555555555556,0.008388704928078609,0.5249846134897402,0.011844175712929386,0.8482444444444445,0.013127724710880306,0.6186265333335541,0.010891387493847274,0.11267516666642526,0.005626768571951834,20260429_110129,missing_values,Plus de valeurs manquantes.,1
dummy,baseline,standard,3,0,0.6999999999999998,1.3597399555105182e-16,0.5,0.0,0.0,0.0,0.0,0.0,0.0,0.0,0.5,0.0,0.09201663333321146,0.002938335924384946,0.042408533333400555,0.0020515895453912486,20260429_110129,missing_values,Plus de valeurs manquantes.,1
hist_gradient_boosting,boosting,dense,3,3,,,,,,,,,,,,,,,,,20260429_110129,missing_values,Plus de valeurs manquantes.,1
dummy,baseline,standard,3,3,,,,,,,,,,,,,,,,,20260429_110129,text_removed,Colonne texte neutralisée pour mesurer son apport.,0
hist_gradient_boosting,boosting,dense,3,3,,,,,,,,,,,,,,,,,20260429_110129,text_removed,Colonne texte neutralisée pour mesurer son apport.,0
linear_svc,svm,standard,3,3,,,,,,,,,,,,,,,,,20260429_110129,text_removed,Colonne texte neutralisée pour mesurer son apport.,0
logistic_regression,linear,standard,3,3,,,,,,,,,,,,,,,,,20260429_110129,text_removed,Colonne texte neutralisée pour mesurer son apport.,0
mlp,neural_network,standard,3,3,,,,,,,,,,,,,,,,,20260429_110129,text_removed,Colonne texte neutralisée pour mesurer son apport.,0
random_forest,ensemble_tree,standard,3,3,,,,,,,,,,,,,,,,,20260429_110129,text_removed,Colonne texte neutralisée pour mesurer son apport.,0
ridge_classifier,linear,standard,3,3,,,,,,,,,,,,,,,,,20260429_110129,text_removed,Colonne texte neutralisée pour mesurer son apport.,0
sgd_classifier,linear,standard,3,3,,,,,,,,,,,,,,,,,20260429_110129,text_removed,Colonne texte neutralisée pour mesurer son apport.,0
dummy,baseline,standard,3,3,,,,,,,,,,,,,,,,,20260429_110129,text_removed,Colonne texte neutralisée pour mesurer son apport.,1
hist_gradient_boosting,boosting,dense,3,3,,,,,,,,,,,,,,,,,20260429_110129,text_removed,Colonne texte neutralisée pour mesurer son apport.,1
linear_svc,svm,standard,3,3,,,,,,,,,,,,,,,,,20260429_110129,text_removed,Colonne texte neutralisée pour mesurer son apport.,1
logistic_regression,linear,standard,3,3,,,,,,,,,,,,,,,,,20260429_110129,text_removed,Colonne texte neutralisée pour mesurer son apport.,1
mlp,neural_network,standard,3,3,,,,,,,,,,,,,,,,,20260429_110129,text_removed,Colonne texte neutralisée pour mesurer son apport.,1
random_forest,ensemble_tree,standard,3,3,,,,,,,,,,,,,,,,,20260429_110129,text_removed,Colonne texte neutralisée pour mesurer son apport.,1
ridge_classifier,linear,standard,3,3,,,,,,,,,,,,,,,,,20260429_110129,text_removed,Colonne texte neutralisée pour mesurer son apport.,1
sgd_classifier,linear,standard,3,3,,,,,,,,,,,,,,,,,20260429_110129,text_removed,Colonne texte neutralisée pour mesurer son apport.,1
