model,family,preprocessor,fold,seed,status,error,warnings,accuracy,balanced_accuracy,precision,recall,f1,roc_auc,fit_time_sec,predict_time_sec,run_id,scenario,scenario_description
dummy,baseline,standard,1,0,ok,,,0.7,0.5,0.0,0.0,0.0,0.5,0.10378810000020167,0.046065700000326615,20260429_110129,baseline,Dataset assurance standard.
dummy,baseline,standard,2,0,ok,,,0.7,0.5,0.0,0.0,0.0,0.5,0.10001049999937095,0.04574460000003455,20260429_110129,baseline,Dataset assurance standard.
dummy,baseline,standard,3,0,ok,,,0.7,0.5,0.0,0.0,0.0,0.5,0.0988482999991902,0.04493870000078459,20260429_110129,baseline,Dataset assurance standard.
logistic_regression,linear,standard,1,0,ok,,,0.826,0.8157142857142857,0.6810344827586207,0.79,0.7314814814814815,0.9061523809523809,0.15603319999991072,0.04725830000006681,20260429_110129,baseline,Dataset assurance standard.
logistic_regression,linear,standard,2,0,ok,,,0.846,0.8480952380952381,0.6994535519125683,0.8533333333333334,0.7687687687687688,0.9175476190476191,0.16166229999998905,0.04714700000022276,20260429_110129,baseline,Dataset assurance standard.
logistic_regression,linear,standard,3,0,ok,,,0.822,0.8223809523809524,0.6639784946236559,0.8233333333333334,0.7351190476190477,0.9021190476190475,0.21858229999998002,0.04689280000002327,20260429_110129,baseline,Dataset assurance standard.
ridge_classifier,linear,standard,1,0,ok,,,0.828,0.8161904761904761,0.686046511627907,0.7866666666666666,0.7329192546583851,0.9029,0.12292789999992237,0.04580479999913223,20260429_110129,baseline,Dataset assurance standard.
ridge_classifier,linear,standard,2,0,ok,,,0.833,0.835,0.6792452830188679,0.84,0.7511177347242921,0.9160952380952381,0.127071299999443,0.0460136000001512,20260429_110129,baseline,Dataset assurance standard.
ridge_classifier,linear,standard,3,0,ok,,,0.816,0.8180952380952381,0.6534391534391535,0.8233333333333334,0.7286135693215339,0.9046809523809524,0.12363210000057734,0.04469569999946543,20260429_110129,baseline,Dataset assurance standard.
sgd_classifier,linear,standard,1,0,ok,,,0.758,0.8052380952380953,0.5584677419354839,0.9233333333333333,0.6959798994974874,0.8906142857142858,0.12279630000011821,0.04597430000012537,20260429_110129,baseline,Dataset assurance standard.
sgd_classifier,linear,standard,2,0,ok,,,0.843,0.8297619047619047,0.7134328358208956,0.7966666666666666,0.752755905511811,0.9133809523809524,0.12534859999959735,0.045838399999411195,20260429_110129,baseline,Dataset assurance standard.
sgd_classifier,linear,standard,3,0,ok,,,0.726,0.7852380952380953,0.5243445692883895,0.9333333333333333,0.6714628297362111,0.8983095238095238,0.13215540000055626,0.04411979999986215,20260429_110129,baseline,Dataset assurance standard.
linear_svc,svm,standard,1,0,ok,,,0.822,0.809047619047619,0.6773255813953488,0.7766666666666666,0.7236024844720497,0.9072,0.13920950000010635,0.04552880000028381,20260429_110129,baseline,Dataset assurance standard.
linear_svc,svm,standard,2,0,ok,,,0.843,0.845,0.6948228882833788,0.85,0.7646176911544228,0.9164428571428571,0.134387300000526,0.04551369999990129,20260429_110129,baseline,Dataset assurance standard.
linear_svc,svm,standard,3,0,ok,,,0.822,0.8223809523809524,0.6639784946236559,0.8233333333333334,0.7351190476190477,0.9036142857142857,0.1472979000000123,0.04489090000060969,20260429_110129,baseline,Dataset assurance standard.
random_forest,ensemble_tree,standard,1,0,ok,,,0.793,0.6835714285714286,0.803921568627451,0.41,0.543046357615894,0.8593238095238095,0.48093709999920975,0.0842875999996977,20260429_110129,baseline,Dataset assurance standard.
random_forest,ensemble_tree,standard,2,0,ok,,,0.79,0.6728571428571428,0.8260869565217391,0.38,0.5205479452054794,0.8745357142857142,0.45871679999982007,0.08459810000022117,20260429_110129,baseline,Dataset assurance standard.
random_forest,ensemble_tree,standard,3,0,ok,,,0.791,0.684047619047619,0.7861635220125787,0.4166666666666667,0.5446623093681917,0.8756285714285713,0.46357069999976375,0.08321410000007745,20260429_110129,baseline,Dataset assurance standard.
hist_gradient_boosting,boosting,dense,1,0,error,This Pipeline instance is not fitted yet. Call 'fit' with appropriate arguments before using this estimator.,,,,,,,,,,20260429_110129,baseline,Dataset assurance standard.
hist_gradient_boosting,boosting,dense,2,0,error,This Pipeline instance is not fitted yet. Call 'fit' with appropriate arguments before using this estimator.,,,,,,,,,,20260429_110129,baseline,Dataset assurance standard.
hist_gradient_boosting,boosting,dense,3,0,error,This Pipeline instance is not fitted yet. Call 'fit' with appropriate arguments before using this estimator.,,,,,,,,,,20260429_110129,baseline,Dataset assurance standard.
mlp,neural_network,standard,1,0,ok,,,0.846,0.7985714285714286,0.7786259541984732,0.68,0.7259786476868327,0.9054190476190476,0.44030930000008084,0.04782210000030318,20260429_110129,baseline,Dataset assurance standard.
mlp,neural_network,standard,2,0,ok,,,0.842,0.7928571428571429,0.7730769230769231,0.67,0.7178571428571429,0.9161809523809523,0.3888350999995964,0.04785200000060286,20260429_110129,baseline,Dataset assurance standard.
mlp,neural_network,standard,3,0,ok,,,0.833,0.7854761904761904,0.7490636704119851,0.6666666666666666,0.7054673721340388,0.9014619047619048,0.3850173000000723,0.047093600000152946,20260429_110129,baseline,Dataset assurance standard.
dummy,baseline,standard,1,1,ok,,,0.7,0.5,0.0,0.0,0.0,0.5,0.09909330000027694,0.04609669999990729,20260429_110129,baseline,Dataset assurance standard.
dummy,baseline,standard,2,1,ok,,,0.7,0.5,0.0,0.0,0.0,0.5,0.09995389999949111,0.04508590000023105,20260429_110129,baseline,Dataset assurance standard.
dummy,baseline,standard,3,1,ok,,,0.7,0.5,0.0,0.0,0.0,0.5,0.1018277000002854,0.04552519999924698,20260429_110129,baseline,Dataset assurance standard.
logistic_regression,linear,standard,1,1,ok,,,0.834,0.8357142857142856,0.6810810810810811,0.84,0.7522388059701492,0.919852380952381,0.186498400000346,0.06530399999974179,20260429_110129,baseline,Dataset assurance standard.
logistic_regression,linear,standard,2,1,ok,,,0.817,0.8178571428571428,0.656,0.82,0.7288888888888889,0.900852380952381,0.16532199999983277,0.05693689999952767,20260429_110129,baseline,Dataset assurance standard.
logistic_regression,linear,standard,3,1,ok,,,0.819,0.8135714285714286,0.6648199445983379,0.8,0.7261724659606656,0.9084904761904762,0.1543431000000055,0.04698199999984354,20260429_110129,baseline,Dataset assurance standard.
ridge_classifier,linear,standard,1,1,ok,,,0.833,0.8378571428571429,0.6763925729442971,0.85,0.7533234859675036,0.9185761904761904,0.12527310000041325,0.045889400000305614,20260429_110129,baseline,Dataset assurance standard.
ridge_classifier,linear,standard,2,1,ok,,,0.813,0.8102380952380952,0.6531165311653117,0.8033333333333333,0.7204783258594918,0.8987095238095237,0.12512379999952827,0.049512399999912304,20260429_110129,baseline,Dataset assurance standard.
ridge_classifier,linear,standard,3,1,ok,,,0.825,0.8207142857142857,0.6731301939058172,0.81,0.735249621785174,0.9081904761904761,0.12556690000019444,0.04612929999984772,20260429_110129,baseline,Dataset assurance standard.
sgd_classifier,linear,standard,1,1,ok,,,0.839,0.7621428571428571,0.8423645320197044,0.57,0.679920477137177,0.9047857142857143,0.1306564000005892,0.04707779999989725,20260429_110129,baseline,Dataset assurance standard.
sgd_classifier,linear,standard,2,1,ok,,,0.801,0.7807142857142857,0.6498516320474778,0.73,0.6875981161695447,0.8828285714285715,0.1272516999997606,0.046047599999837985,20260429_110129,baseline,Dataset assurance standard.
sgd_classifier,linear,standard,3,1,ok,,,0.738,0.7852380952380953,0.5376984126984127,0.9033333333333333,0.6741293532338308,0.9040333333333332,0.1349528000000646,0.04666189999989001,20260429_110129,baseline,Dataset assurance standard.
linear_svc,svm,standard,1,1,ok,,,0.837,0.8378571428571429,0.6866485013623979,0.84,0.7556221889055472,0.9193380952380952,0.1435687000002872,0.045175299999755225,20260429_110129,baseline,Dataset assurance standard.
linear_svc,svm,standard,2,1,ok,,,0.808,0.8038095238095238,0.6467391304347826,0.7933333333333333,0.7125748502994012,0.9014857142857142,0.13902610000059212,0.045133099999475235,20260429_110129,baseline,Dataset assurance standard.
linear_svc,svm,standard,3,1,ok,,,0.827,0.8202380952380952,0.6788732394366197,0.8033333333333333,0.7358778625954199,0.9125238095238095,0.14214850000007573,0.04528010000012728,20260429_110129,baseline,Dataset assurance standard.
random_forest,ensemble_tree,standard,1,1,ok,,,0.825,0.7292857142857143,0.8698224852071006,0.49,0.6268656716417911,0.8671547619047619,0.4772611999997025,0.08615240000017366,20260429_110129,baseline,Dataset assurance standard.
random_forest,ensemble_tree,standard,2,1,ok,,,0.799,0.6992857142857143,0.7894736842105263,0.45,0.5732484076433121,0.8709238095238095,0.5272805000004155,0.08358760000010079,20260429_110129,baseline,Dataset assurance standard.
random_forest,ensemble_tree,standard,3,1,ok,,,0.802,0.6919047619047619,0.8445945945945946,0.4166666666666667,0.5580357142857143,0.8766428571428571,0.5244296000000759,0.0841283999998268,20260429_110129,baseline,Dataset assurance standard.
hist_gradient_boosting,boosting,dense,1,1,error,This Pipeline instance is not fitted yet. Call 'fit' with appropriate arguments before using this estimator.,,,,,,,,,,20260429_110129,baseline,Dataset assurance standard.
hist_gradient_boosting,boosting,dense,2,1,error,This Pipeline instance is not fitted yet. Call 'fit' with appropriate arguments before using this estimator.,,,,,,,,,,20260429_110129,baseline,Dataset assurance standard.
hist_gradient_boosting,boosting,dense,3,1,error,This Pipeline instance is not fitted yet. Call 'fit' with appropriate arguments before using this estimator.,,,,,,,,,,20260429_110129,baseline,Dataset assurance standard.
mlp,neural_network,standard,1,1,ok,,,0.847,0.7897619047619047,0.8049792531120332,0.6466666666666666,0.7171903881700554,0.8946428571428571,0.3855609000002005,0.04907809999986057,20260429_110129,baseline,Dataset assurance standard.
mlp,neural_network,standard,2,1,ok,,,0.83,0.8014285714285714,0.711038961038961,0.73,0.7203947368421053,0.9041428571428571,0.7066992999998547,0.04829619999964052,20260429_110129,baseline,Dataset assurance standard.
mlp,neural_network,standard,3,1,ok,,,0.833,0.7864285714285715,0.7472118959107806,0.67,0.7065026362038664,0.9115428571428572,0.4177579999995942,0.047207800000251154,20260429_110129,baseline,Dataset assurance standard.
dummy,baseline,standard,1,0,ok,,,0.7,0.5,0.0,0.0,0.0,0.5,0.09892969999964407,0.045799699999406585,20260429_110129,high_noise,"Signal plus bruité, séparation plus difficile."
dummy,baseline,standard,2,0,ok,,,0.7,0.5,0.0,0.0,0.0,0.5,0.10040349999962928,0.04505510000035429,20260429_110129,high_noise,"Signal plus bruité, séparation plus difficile."
dummy,baseline,standard,3,0,ok,,,0.7,0.5,0.0,0.0,0.0,0.5,0.10890110000036657,0.04673029999958089,20260429_110129,high_noise,"Signal plus bruité, séparation plus difficile."
logistic_regression,linear,standard,1,0,ok,,,0.718,0.7147619047619047,0.5221674876847291,0.7066666666666667,0.6005665722379604,0.7887952380952381,0.16065989999970043,0.059696100000110164,20260429_110129,high_noise,"Signal plus bruité, séparation plus difficile."
logistic_regression,linear,standard,2,0,ok,,,0.724,0.7123809523809523,0.5310880829015544,0.6833333333333333,0.597667638483965,0.7809190476190476,0.19385020000026998,0.05428419999952894,20260429_110129,high_noise,"Signal plus bruité, séparation plus difficile."
logistic_regression,linear,standard,3,0,ok,,,0.745,0.7483333333333333,0.5550122249388753,0.7566666666666667,0.6403385049365303,0.8101142857142858,0.18082179999964865,0.04953449999993609,20260429_110129,high_noise,"Signal plus bruité, séparation plus difficile."
ridge_classifier,linear,standard,1,0,ok,,,0.724,0.7180952380952381,0.5301507537688442,0.7033333333333334,0.6045845272206304,0.7863809523809523,0.12423310000031051,0.04581210000014835,20260429_110129,high_noise,"Signal plus bruité, séparation plus difficile."
ridge_classifier,linear,standard,2,0,ok,,,0.723,0.7116666666666667,0.5297157622739018,0.6833333333333333,0.5967976710334789,0.7754571428571428,0.12133859999994456,0.04538039999988541,20260429_110129,high_noise,"Signal plus bruité, séparation plus difficile."
ridge_classifier,linear,standard,3,0,ok,,,0.731,0.7354761904761905,0.5371702637889688,0.7466666666666667,0.6248256624825662,0.8077857142857143,0.11849830000028305,0.04592099999990751,20260429_110129,high_noise,"Signal plus bruité, séparation plus difficile."
sgd_classifier,linear,standard,1,0,ok,,,0.75,0.6347619047619047,0.6582278481012658,0.3466666666666667,0.45414847161572053,0.7502190476190477,0.12922590000016498,0.045719800000370014,20260429_110129,high_noise,"Signal plus bruité, séparation plus difficile."
sgd_classifier,linear,standard,2,0,ok,,,0.348,0.5304761904761905,0.3135593220338983,0.9866666666666667,0.4758842443729904,0.7602904761904762,0.14216529999976046,0.044840499999736494,20260429_110129,high_noise,"Signal plus bruité, séparation plus difficile."
sgd_classifier,linear,standard,3,0,ok,,,0.756,0.7323809523809524,0.5804597701149425,0.6733333333333333,0.6234567901234568,0.8011333333333331,0.13992640000014944,0.04611839999961376,20260429_110129,high_noise,"Signal plus bruité, séparation plus difficile."
linear_svc,svm,standard,1,0,ok,,,0.724,0.7180952380952381,0.5301507537688442,0.7033333333333334,0.6045845272206304,0.7843,0.16482380000070407,0.04623730000002979,20260429_110129,high_noise,"Signal plus bruité, séparation plus difficile."
linear_svc,svm,standard,2,0,ok,,,0.723,0.7107142857142857,0.5298701298701298,0.68,0.5956204379562043,0.7735,0.15712040000016714,0.04489749999993364,20260429_110129,high_noise,"Signal plus bruité, séparation plus difficile."
linear_svc,svm,standard,3,0,ok,,,0.729,0.7321428571428572,0.5349397590361445,0.74,0.620979020979021,0.8065142857142857,0.1600365000003876,0.04555069999969419,20260429_110129,high_noise,"Signal plus bruité, séparation plus difficile."
random_forest,ensemble_tree,standard,1,0,ok,,,0.742,0.6014285714285714,0.6944444444444444,0.25,0.36764705882352944,0.7523214285714286,0.5200107999999091,0.08405750000019907,20260429_110129,high_noise,"Signal plus bruité, séparation plus difficile."
random_forest,ensemble_tree,standard,2,0,ok,,,0.736,0.5828571428571429,0.7142857142857143,0.2,0.3125,0.7382071428571428,0.4701113000000987,0.08443850000003295,20260429_110129,high_noise,"Signal plus bruité, séparation plus difficile."
random_forest,ensemble_tree,standard,3,0,ok,,,0.733,0.5826190476190476,0.6813186813186813,0.20666666666666667,0.3171355498721228,0.7635047619047619,0.47645099999954255,0.08439559999987978,20260429_110129,high_noise,"Signal plus bruité, séparation plus difficile."
hist_gradient_boosting,boosting,dense,1,0,error,This Pipeline instance is not fitted yet. Call 'fit' with appropriate arguments before using this estimator.,,,,,,,,,,20260429_110129,high_noise,"Signal plus bruité, séparation plus difficile."
hist_gradient_boosting,boosting,dense,2,0,error,This Pipeline instance is not fitted yet. Call 'fit' with appropriate arguments before using this estimator.,,,,,,,,,,20260429_110129,high_noise,"Signal plus bruité, séparation plus difficile."
hist_gradient_boosting,boosting,dense,3,0,error,This Pipeline instance is not fitted yet. Call 'fit' with appropriate arguments before using this estimator.,,,,,,,,,,20260429_110129,high_noise,"Signal plus bruité, séparation plus difficile."
mlp,neural_network,standard,1,0,ok,,,0.761,0.674047619047619,0.6431924882629108,0.45666666666666667,0.5341130604288499,0.7881666666666667,0.42449949999991077,0.0471852000000581,20260429_110129,high_noise,"Signal plus bruité, séparation plus difficile."
mlp,neural_network,standard,2,0,ok,,,0.766,0.6728571428571428,0.6666666666666666,0.44,0.5301204819277109,0.7837190476190476,0.40060189999985596,0.047322800000074494,20260429_110129,high_noise,"Signal plus bruité, séparation plus difficile."
mlp,neural_network,standard,3,0,ok,,,0.761,0.6292857142857142,0.7563025210084033,0.3,0.4295942720763723,0.7927333333333333,0.3478684000001522,0.048901500000283704,20260429_110129,high_noise,"Signal plus bruité, séparation plus difficile."
dummy,baseline,standard,1,1,ok,,,0.7,0.5,0.0,0.0,0.0,0.5,0.10227859999940847,0.04666749999978492,20260429_110129,high_noise,"Signal plus bruité, séparation plus difficile."
dummy,baseline,standard,2,1,ok,,,0.7,0.5,0.0,0.0,0.0,0.5,0.1009102999996685,0.04552380000041012,20260429_110129,high_noise,"Signal plus bruité, séparation plus difficile."
dummy,baseline,standard,3,1,ok,,,0.7,0.5,0.0,0.0,0.0,0.5,0.10289060000013706,0.0465833999996903,20260429_110129,high_noise,"Signal plus bruité, séparation plus difficile."
logistic_regression,linear,standard,1,1,ok,,,0.726,0.7080952380952381,0.5349462365591398,0.6633333333333333,0.5922619047619048,0.776647619047619,0.21179630000006,0.06797769999957382,20260429_110129,high_noise,"Signal plus bruité, séparation plus difficile."
logistic_regression,linear,standard,2,1,ok,,,0.722,0.710952380952381,0.5283505154639175,0.6833333333333333,0.5959302325581395,0.776695238095238,0.24956199999996898,0.04969059999984893,20260429_110129,high_noise,"Signal plus bruité, séparation plus difficile."
logistic_regression,linear,standard,3,1,ok,,,0.73,0.7195238095238095,0.538860103626943,0.6933333333333334,0.6064139941690962,0.7818095238095238,0.2296979000002466,0.04982739999923069,20260429_110129,high_noise,"Signal plus bruité, séparation plus difficile."
ridge_classifier,linear,standard,1,1,ok,,,0.721,0.694047619047619,0.5295774647887324,0.6266666666666667,0.5740458015267176,0.7682190476190476,0.1261437000002843,0.04568799999924522,20260429_110129,high_noise,"Signal plus bruité, séparation plus difficile."
ridge_classifier,linear,standard,2,1,ok,,,0.723,0.7059523809523809,0.5306666666666666,0.6633333333333333,0.5896296296296296,0.7766666666666667,0.1246885000000475,0.04624789999979839,20260429_110129,high_noise,"Signal plus bruité, séparation plus difficile."
ridge_classifier,linear,standard,3,1,ok,,,0.726,0.7119047619047618,0.5342105263157895,0.6766666666666666,0.5970588235294118,0.7776571428571428,0.12455839999984164,0.045655799999622104,20260429_110129,high_noise,"Signal plus bruité, séparation plus difficile."
sgd_classifier,linear,standard,1,1,ok,,,0.699,0.7011904761904761,0.4988235294117647,0.7066666666666667,0.5848275862068966,0.7597190476190476,0.12568850000025122,0.045654300000023795,20260429_110129,high_noise,"Signal plus bruité, séparation plus difficile."
sgd_classifier,linear,standard,2,1,ok,,,0.752,0.6933333333333334,0.5942028985507246,0.5466666666666666,0.5694444444444444,0.7602333333333333,0.146213699999862,0.04596959999980754,20260429_110129,high_noise,"Signal plus bruité, séparation plus difficile."
sgd_classifier,linear,standard,3,1,ok,,,0.433,0.5692857142857143,0.33579335793357934,0.91,0.49056603773584906,0.7374333333333334,0.12596839999969234,0.045594100000016624,20260429_110129,high_noise,"Signal plus bruité, séparation plus difficile."
linear_svc,svm,standard,1,1,ok,,,0.722,0.6947619047619048,0.5310734463276836,0.6266666666666667,0.5749235474006116,0.7687761904761904,0.16108660000008967,0.045930000000225846,20260429_110129,high_noise,"Signal plus bruité, séparation plus difficile."
linear_svc,svm,standard,2,1,ok,,,0.721,0.7054761904761905,0.5277044854881267,0.6666666666666666,0.5891016200294551,0.7764047619047618,0.16457510000054754,0.045992800000021816,20260429_110129,high_noise,"Signal plus bruité, séparation plus difficile."
linear_svc,svm,standard,3,1,ok,,,0.724,0.7085714285714286,0.5317460317460317,0.67,0.5929203539823009,0.778852380952381,0.1678252000001521,0.045550099999672966,20260429_110129,high_noise,"Signal plus bruité, séparation plus difficile."
random_forest,ensemble_tree,standard,1,1,ok,,,0.741,0.5911904761904763,0.7303370786516854,0.21666666666666667,0.3341902313624679,0.7463309523809524,0.48776420000012877,0.0852617000000464,20260429_110129,high_noise,"Signal plus bruité, séparation plus difficile."
random_forest,ensemble_tree,standard,2,1,ok,,,0.741,0.5911904761904763,0.7303370786516854,0.21666666666666667,0.3341902313624679,0.7459547619047618,0.4685428000002503,0.0839880000003177,20260429_110129,high_noise,"Signal plus bruité, séparation plus difficile."
random_forest,ensemble_tree,standard,3,1,ok,,,0.738,0.5852380952380952,0.7261904761904762,0.20333333333333334,0.3177083333333333,0.7312476190476189,0.4717265999997835,0.08321839999916847,20260429_110129,high_noise,"Signal plus bruité, séparation plus difficile."
hist_gradient_boosting,boosting,dense,1,1,error,This Pipeline instance is not fitted yet. Call 'fit' with appropriate arguments before using this estimator.,,,,,,,,,,20260429_110129,high_noise,"Signal plus bruité, séparation plus difficile."
hist_gradient_boosting,boosting,dense,2,1,error,This Pipeline instance is not fitted yet. Call 'fit' with appropriate arguments before using this estimator.,,,,,,,,,,20260429_110129,high_noise,"Signal plus bruité, séparation plus difficile."
hist_gradient_boosting,boosting,dense,3,1,error,This Pipeline instance is not fitted yet. Call 'fit' with appropriate arguments before using this estimator.,,,,,,,,,,20260429_110129,high_noise,"Signal plus bruité, séparation plus difficile."
mlp,neural_network,standard,1,1,ok,,,0.736,0.6371428571428571,0.5909090909090909,0.39,0.46987951807228917,0.7415428571428572,0.40522969999983616,0.048276099999384314,20260429_110129,high_noise,"Signal plus bruité, séparation plus difficile."
mlp,neural_network,standard,2,1,ok,,,0.763,0.684047619047619,0.6375545851528385,0.4866666666666667,0.5519848771266541,0.7724190476190477,0.612028200000168,0.04914020000069286,20260429_110129,high_noise,"Signal plus bruité, séparation plus difficile."
mlp,neural_network,standard,3,1,ok,,,0.767,0.664047619047619,0.6892655367231638,0.4066666666666667,0.5115303983228512,0.7758238095238096,0.4039463999997679,0.04817719999937253,20260429_110129,high_noise,"Signal plus bruité, séparation plus difficile."
dummy,baseline,standard,1,0,ok,,,0.9,0.5,0.0,0.0,0.0,0.5,0.10188269999980548,0.045177600000897655,20260429_110129,class_imbalance,Classe positive rare.
dummy,baseline,standard,2,0,ok,,,0.9,0.5,0.0,0.0,0.0,0.5,0.09956659999988915,0.04480779999994411,20260429_110129,class_imbalance,Classe positive rare.
dummy,baseline,standard,3,0,ok,,,0.9,0.5,0.0,0.0,0.0,0.5,0.09876770000028046,0.04676000000017666,20260429_110129,class_imbalance,Classe positive rare.
logistic_regression,linear,standard,1,0,ok,,,0.87,0.8566666666666667,0.42424242424242425,0.84,0.5637583892617449,0.9301666666666666,0.15301170000020647,0.04700279999997292,20260429_110129,class_imbalance,Classe positive rare.
logistic_regression,linear,standard,2,0,ok,,,0.883,0.8327777777777778,0.4502923976608187,0.77,0.5682656826568265,0.9157666666666666,0.16422700000020996,0.05182469999999739,20260429_110129,class_imbalance,Classe positive rare.
logistic_regression,linear,standard,3,0,ok,,,0.892,0.8777777777777778,0.4777777777777778,0.86,0.6142857142857143,0.9522555555555556,0.1895846999996138,0.04592969999976049,20260429_110129,class_imbalance,Classe positive rare.
ridge_classifier,linear,standard,1,0,ok,,,0.869,0.865,0.4236453201970443,0.86,0.5676567656765676,0.9374333333333333,0.12003240000012738,0.04535380000015721,20260429_110129,class_imbalance,Classe positive rare.
ridge_classifier,linear,standard,2,0,ok,,,0.885,0.8383333333333334,0.45614035087719296,0.78,0.5756457564575646,0.9210777777777778,0.11899090000042634,0.04456789999949251,20260429_110129,class_imbalance,Classe positive rare.
ridge_classifier,linear,standard,3,0,ok,,,0.891,0.8861111111111111,0.4756756756756757,0.88,0.6175438596491228,0.9480777777777778,0.12591319999955886,0.05220569999983127,20260429_110129,class_imbalance,Classe positive rare.
sgd_classifier,linear,standard,1,0,ok,,,0.905,0.8361111111111111,0.5172413793103449,0.75,0.6122448979591837,0.9269166666666666,0.11607639999965613,0.045966300000145566,20260429_110129,class_imbalance,Classe positive rare.
sgd_classifier,linear,standard,2,0,ok,,,0.874,0.8011111111111111,0.4226190476190476,0.71,0.5298507462686567,0.9008222222222222,0.11531300000024203,0.04487779999999475,20260429_110129,class_imbalance,Classe positive rare.
sgd_classifier,linear,standard,3,0,ok,,,0.905,0.8805555555555555,0.5151515151515151,0.85,0.6415094339622641,0.9445777777777778,0.11565510000036738,0.04608819999975822,20260429_110129,class_imbalance,Classe positive rare.
linear_svc,svm,standard,1,0,ok,,,0.881,0.8672222222222222,0.4497354497354497,0.85,0.5882352941176471,0.9310777777777778,0.1280962000000727,0.045605699999214266,20260429_110129,class_imbalance,Classe positive rare.
linear_svc,svm,standard,2,0,ok,,,0.89,0.8277777777777777,0.46875,0.75,0.5769230769230769,0.9159555555555556,0.1286454999999478,0.044765199999346805,20260429_110129,class_imbalance,Classe positive rare.
linear_svc,svm,standard,3,0,ok,,,0.895,0.8883333333333333,0.4861878453038674,0.88,0.6263345195729537,0.9512,0.13676849999956175,0.04573859999982233,20260429_110129,class_imbalance,Classe positive rare.
random_forest,ensemble_tree,standard,1,0,ok,,,0.901,0.5094444444444445,0.6666666666666666,0.02,0.038834951456310676,0.9122444444444444,0.4026267999997799,0.08444970000073226,20260429_110129,class_imbalance,Classe positive rare.
random_forest,ensemble_tree,standard,2,0,ok,,,0.9,0.5133333333333333,0.5,0.03,0.05660377358490566,0.8717555555555556,0.3978819999992993,0.08248329999969428,20260429_110129,class_imbalance,Classe positive rare.
random_forest,ensemble_tree,standard,3,0,ok,,,0.901,0.5138888888888888,0.6,0.03,0.05714285714285714,0.8988777777777778,0.43647390000023734,0.10628530000030878,20260429_110129,class_imbalance,Classe positive rare.
hist_gradient_boosting,boosting,dense,1,0,error,This Pipeline instance is not fitted yet. Call 'fit' with appropriate arguments before using this estimator.,,,,,,,,,,20260429_110129,class_imbalance,Classe positive rare.
hist_gradient_boosting,boosting,dense,2,0,error,This Pipeline instance is not fitted yet. Call 'fit' with appropriate arguments before using this estimator.,,,,,,,,,,20260429_110129,class_imbalance,Classe positive rare.
hist_gradient_boosting,boosting,dense,3,0,error,This Pipeline instance is not fitted yet. Call 'fit' with appropriate arguments before using this estimator.,,,,,,,,,,20260429_110129,class_imbalance,Classe positive rare.
mlp,neural_network,standard,1,0,ok,,,0.925,0.7672222222222222,0.6404494382022472,0.57,0.6031746031746031,0.9371333333333334,0.6424322000002576,0.0486018999999942,20260429_110129,class_imbalance,Classe positive rare.
mlp,neural_network,standard,2,0,ok,,,0.926,0.7366666666666667,0.6756756756756757,0.5,0.5747126436781609,0.9187111111111111,0.5059700000001612,0.047771699999429984,20260429_110129,class_imbalance,Classe positive rare.
mlp,neural_network,standard,3,0,ok,,,0.899,0.49944444444444447,0.0,0.0,0.0,0.5923666666666667,0.2511011000005965,0.04852819999996427,20260429_110129,class_imbalance,Classe positive rare.
dummy,baseline,standard,1,1,ok,,,0.9,0.5,0.0,0.0,0.0,0.5,0.10097180000047956,0.04679759999999078,20260429_110129,class_imbalance,Classe positive rare.
dummy,baseline,standard,2,1,ok,,,0.9,0.5,0.0,0.0,0.0,0.5,0.10178600000017468,0.046412900000177615,20260429_110129,class_imbalance,Classe positive rare.
dummy,baseline,standard,3,1,ok,,,0.9,0.5,0.0,0.0,0.0,0.5,0.09936579999975947,0.0457114000000729,20260429_110129,class_imbalance,Classe positive rare.
logistic_regression,linear,standard,1,1,ok,,,0.887,0.8794444444444445,0.46524064171123,0.87,0.6062717770034843,0.9429444444444446,0.174638500000583,0.048495099999854574,20260429_110129,class_imbalance,Classe positive rare.
logistic_regression,linear,standard,2,1,ok,,,0.881,0.8494444444444444,0.44751381215469616,0.81,0.5765124555160143,0.9238,0.20207530000061524,0.05336429999988468,20260429_110129,class_imbalance,Classe positive rare.
logistic_regression,linear,standard,3,1,ok,,,0.884,0.86,0.45604395604395603,0.83,0.5886524822695035,0.9308888888888889,0.1962035000005926,0.04616580000038084,20260429_110129,class_imbalance,Classe positive rare.
ridge_classifier,linear,standard,1,1,ok,,,0.888,0.8577777777777778,0.4659090909090909,0.82,0.5942028985507246,0.938,0.12088649999986956,0.04669019999982993,20260429_110129,class_imbalance,Classe positive rare.
ridge_classifier,linear,standard,2,1,ok,,,0.896,0.8444444444444444,0.4875,0.78,0.6,0.9318222222222222,0.12426659999982803,0.04607579999992595,20260429_110129,class_imbalance,Classe positive rare.
ridge_classifier,linear,standard,3,1,ok,,,0.899,0.8861111111111111,0.49714285714285716,0.87,0.6327272727272727,0.9384444444444444,0.126635399999941,0.046310300000186544,20260429_110129,class_imbalance,Classe positive rare.
sgd_classifier,linear,standard,1,1,ok,,,0.916,0.8555555555555556,0.5571428571428572,0.78,0.65,0.9447888888888889,0.1262440999998944,0.046403299999838055,20260429_110129,class_imbalance,Classe positive rare.
sgd_classifier,linear,standard,2,1,ok,,,0.83,0.8255555555555556,0.3504273504273504,0.82,0.49101796407185627,0.9076666666666666,0.13018510000074457,0.045804299999872455,20260429_110129,class_imbalance,Classe positive rare.
sgd_classifier,linear,standard,3,1,ok,,,0.917,0.8116666666666668,0.5714285714285714,0.68,0.6210045662100456,0.9275555555555555,0.1184480000001713,0.04794949999995879,20260429_110129,class_imbalance,Classe positive rare.
linear_svc,svm,standard,1,1,ok,,,0.891,0.8861111111111111,0.4756756756756757,0.88,0.6175438596491228,0.9430444444444445,0.13758120000056806,0.04685479999989184,20260429_110129,class_imbalance,Classe positive rare.
linear_svc,svm,standard,2,1,ok,,,0.89,0.8277777777777777,0.46875,0.75,0.5769230769230769,0.9234888888888889,0.13042959999984305,0.04582810000010795,20260429_110129,class_imbalance,Classe positive rare.
linear_svc,svm,standard,3,1,ok,,,0.89,0.8633333333333333,0.4715909090909091,0.83,0.6014492753623188,0.9375666666666667,0.132058600000164,0.045102500000211876,20260429_110129,class_imbalance,Classe positive rare.
random_forest,ensemble_tree,standard,1,1,ok,,,0.91,0.55,1.0,0.1,0.18181818181818182,0.9211111111111111,0.41389860000072076,0.08628489999955491,20260429_110129,class_imbalance,Classe positive rare.
random_forest,ensemble_tree,standard,2,1,ok,,,0.907,0.5394444444444445,0.8888888888888888,0.08,0.14678899082568808,0.9186444444444444,0.45395170000028884,0.08454509999955917,20260429_110129,class_imbalance,Classe positive rare.
random_forest,ensemble_tree,standard,3,1,ok,,,0.909,0.5538888888888889,0.8461538461538461,0.11,0.19469026548672566,0.90585,0.4140471000000616,0.08425540000007459,20260429_110129,class_imbalance,Classe positive rare.
hist_gradient_boosting,boosting,dense,1,1,error,This Pipeline instance is not fitted yet. Call 'fit' with appropriate arguments before using this estimator.,,,,,,,,,,20260429_110129,class_imbalance,Classe positive rare.
hist_gradient_boosting,boosting,dense,2,1,error,This Pipeline instance is not fitted yet. Call 'fit' with appropriate arguments before using this estimator.,,,,,,,,,,20260429_110129,class_imbalance,Classe positive rare.
hist_gradient_boosting,boosting,dense,3,1,error,This Pipeline instance is not fitted yet. Call 'fit' with appropriate arguments before using this estimator.,,,,,,,,,,20260429_110129,class_imbalance,Classe positive rare.
mlp,neural_network,standard,1,1,ok,,,0.932,0.8066666666666666,0.6632653061224489,0.65,0.6565656565656566,0.9400888888888889,0.5569823999994696,0.04942839999966964,20260429_110129,class_imbalance,Classe positive rare.
mlp,neural_network,standard,2,1,ok,,,0.922,0.6633333333333333,0.7391304347826086,0.34,0.4657534246575342,0.9268666666666667,0.5103752000004533,0.04801399999996647,20260429_110129,class_imbalance,Classe positive rare.
mlp,neural_network,standard,3,1,ok,,,0.93,0.7433333333333334,0.7083333333333334,0.51,0.5930232558139535,0.9350888888888889,0.5594424999999319,0.046605300000010175,20260429_110129,class_imbalance,Classe positive rare.
dummy,baseline,standard,1,0,ok,,,0.7,0.5,0.0,0.0,0.0,0.5,0.08777469999949972,0.042199299999992945,20260429_110129,missing_values,Plus de valeurs manquantes.
dummy,baseline,standard,2,0,ok,,,0.7,0.5,0.0,0.0,0.0,0.5,0.10441019999962009,0.04630059999999503,20260429_110129,missing_values,Plus de valeurs manquantes.
dummy,baseline,standard,3,0,ok,,,0.7,0.5,0.0,0.0,0.0,0.5,0.09860810000009224,0.04612900000029185,20260429_110129,missing_values,Plus de valeurs manquantes.
logistic_regression,linear,standard,1,0,ok,,,0.791,0.7811904761904762,0.6253443526170799,0.7566666666666667,0.6847662141779789,0.8724666666666667,0.15127080000002024,0.04808069999944564,20260429_110129,missing_values,Plus de valeurs manquantes.
logistic_regression,linear,standard,2,0,ok,,,0.806,0.8061904761904761,0.6402116402116402,0.8066666666666666,0.7138643067846607,0.8841523809523809,0.19066730000031384,0.04594309999993129,20260429_110129,missing_values,Plus de valeurs manquantes.
logistic_regression,linear,standard,3,0,ok,,,0.802,0.7966666666666666,0.6385869565217391,0.7833333333333333,0.7035928143712575,0.8691571428571429,0.20393719999992754,0.04466229999979987,20260429_110129,missing_values,Plus de valeurs manquantes.
ridge_classifier,linear,standard,1,0,ok,,,0.803,0.7907142857142857,0.6458923512747875,0.76,0.6983154670750383,0.8737904761904762,0.12331379999977798,0.04369250000036118,20260429_110129,missing_values,Plus de valeurs manquantes.
ridge_classifier,linear,standard,2,0,ok,,,0.802,0.8014285714285714,0.6349206349206349,0.8,0.7079646017699115,0.8820380952380953,0.11336170000049606,0.04286789999969187,20260429_110129,missing_values,Plus de valeurs manquantes.
ridge_classifier,linear,standard,3,0,ok,,,0.806,0.7985714285714286,0.6464088397790055,0.78,0.7069486404833837,0.8721619047619047,0.1118784999998752,0.04148520000035205,20260429_110129,missing_values,Plus de valeurs manquantes.
sgd_classifier,linear,standard,1,0,ok,,,0.806,0.7557142857142858,0.6948529411764706,0.63,0.6608391608391608,0.8534857142857144,0.11562279999998282,0.042351699999926495,20260429_110129,missing_values,Plus de valeurs manquantes.
sgd_classifier,linear,standard,2,0,ok,,,0.634,0.7261904761904762,0.4484375,0.9566666666666667,0.6106382978723405,0.8780047619047618,0.11459439999998722,0.04317279999941093,20260429_110129,missing_values,Plus de valeurs manquantes.
sgd_classifier,linear,standard,3,0,ok,,,0.807,0.7564285714285715,0.6974169741697417,0.63,0.6619964973730298,0.8664190476190475,0.12689039999986562,0.0416229000002204,20260429_110129,missing_values,Plus de valeurs manquantes.
linear_svc,svm,standard,1,0,ok,,,0.798,0.7795238095238095,0.6432748538011696,0.7333333333333333,0.6853582554517134,0.8772190476190476,0.13552960000015446,0.04037440000047354,20260429_110129,missing_values,Plus de valeurs manquantes.
linear_svc,svm,standard,2,0,ok,,,0.804,0.8028571428571429,0.6382978723404256,0.8,0.7100591715976331,0.8848809523809523,0.13850280000042403,0.04218609999952605,20260429_110129,missing_values,Plus de valeurs manquantes.
linear_svc,svm,standard,3,0,ok,,,0.801,0.7978571428571428,0.6353887399463807,0.79,0.7043090638930164,0.8742666666666666,0.14113819999965926,0.041241099999751896,20260429_110129,missing_values,Plus de valeurs manquantes.
random_forest,ensemble_tree,standard,1,0,ok,,,0.78,0.6590476190476191,0.7985074626865671,0.3566666666666667,0.4930875576036866,0.8412285714285714,0.5824941999999282,0.0957643999990978,20260429_110129,missing_values,Plus de valeurs manquantes.
random_forest,ensemble_tree,standard,2,0,ok,,,0.77,0.6385714285714286,0.8017241379310345,0.31,0.44711538461538464,0.862147619047619,0.6210973999995986,0.094208599999547,20260429_110129,missing_values,Plus de valeurs manquantes.
random_forest,ensemble_tree,standard,3,0,ok,,,0.781,0.6588095238095238,0.8091603053435115,0.35333333333333333,0.4918793503480278,0.8441690476190475,0.5558178999999654,0.10648120000041672,20260429_110129,missing_values,Plus de valeurs manquantes.
hist_gradient_boosting,boosting,dense,1,0,error,This Pipeline instance is not fitted yet. Call 'fit' with appropriate arguments before using this estimator.,,,,,,,,,,20260429_110129,missing_values,Plus de valeurs manquantes.
hist_gradient_boosting,boosting,dense,2,0,error,This Pipeline instance is not fitted yet. Call 'fit' with appropriate arguments before using this estimator.,,,,,,,,,,20260429_110129,missing_values,Plus de valeurs manquantes.
hist_gradient_boosting,boosting,dense,3,0,error,This Pipeline instance is not fitted yet. Call 'fit' with appropriate arguments before using this estimator.,,,,,,,,,,20260429_110129,missing_values,Plus de valeurs manquantes.
mlp,neural_network,standard,1,0,ok,,,0.822,0.7595238095238095,0.7541666666666667,0.6033333333333334,0.6703703703703704,0.865642857142857,0.4528272999996261,0.043881900000087626,20260429_110129,missing_values,Plus de valeurs manquantes.
mlp,neural_network,standard,2,0,ok,,,0.825,0.7616666666666667,0.7637130801687764,0.6033333333333334,0.6741154562383612,0.884,0.4211024999995061,0.043219399999543384,20260429_110129,missing_values,Plus de valeurs manquantes.
mlp,neural_network,standard,3,0,ok,,,0.794,0.7033333333333334,0.7447916666666666,0.4766666666666667,0.5813008130081301,0.8583380952380952,0.35420739999972284,0.04147399999965273,20260429_110129,missing_values,Plus de valeurs manquantes.
dummy,baseline,standard,1,1,ok,,,0.7,0.5,0.0,0.0,0.0,0.5,0.09350919999997132,0.041164799999933166,20260429_110129,missing_values,Plus de valeurs manquantes.
dummy,baseline,standard,2,1,ok,,,0.7,0.5,0.0,0.0,0.0,0.5,0.0886315999996441,0.04128430000037042,20260429_110129,missing_values,Plus de valeurs manquantes.
dummy,baseline,standard,3,1,ok,,,0.7,0.5,0.0,0.0,0.0,0.5,0.09390910000001895,0.04477649999989808,20260429_110129,missing_values,Plus de valeurs manquantes.
logistic_regression,linear,standard,1,1,ok,,,0.791,0.7792857142857144,0.6267409470752089,0.75,0.6828528072837633,0.8787142857142858,0.18840819999968517,0.04439890000048763,20260429_110129,missing_values,Plus de valeurs manquantes.
logistic_regression,linear,standard,2,1,ok,,,0.78,0.7819047619047619,0.6020408163265306,0.7866666666666666,0.6820809248554913,0.8823666666666666,0.19271039999966888,0.041485499999907915,20260429_110129,missing_values,Plus de valeurs manquantes.
logistic_regression,linear,standard,3,1,ok,,,0.781,0.7740476190476191,0.6085790884718498,0.7566666666666667,0.674591381872214,0.8704047619047619,0.1755046999996921,0.04005280000001221,20260429_110129,missing_values,Plus de valeurs manquantes.
ridge_classifier,linear,standard,1,1,ok,,,0.807,0.7954761904761904,0.6515580736543909,0.7666666666666667,0.7044410413476263,0.8772380952380952,0.11026320000019041,0.04055820000030508,20260429_110129,missing_values,Plus de valeurs manquantes.
ridge_classifier,linear,standard,2,1,ok,,,0.783,0.7821428571428571,0.6077922077922078,0.78,0.6832116788321168,0.876995238095238,0.108845000000656,0.04062419999991107,20260429_110129,missing_values,Plus de valeurs manquantes.
ridge_classifier,linear,standard,3,1,ok,,,0.783,0.7773809523809524,0.6106666666666667,0.7633333333333333,0.6785185185185185,0.8678666666666667,0.11245140000028186,0.03969980000056239,20260429_110129,missing_values,Plus de valeurs manquantes.
sgd_classifier,linear,standard,1,1,ok,,,0.745,0.7607142857142857,0.5517241379310345,0.8,0.6530612244897959,0.8633238095238095,0.11951520000002347,0.03908670000055281,20260429_110129,missing_values,Plus de valeurs manquantes.
sgd_classifier,linear,standard,2,1,ok,,,0.517,0.6502380952380952,0.3816300129366106,0.9833333333333333,0.5498602050326188,0.852252380952381,0.1169196999999258,0.04015069999968546,20260429_110129,missing_values,Plus de valeurs manquantes.
sgd_classifier,linear,standard,3,1,ok,,,0.8,0.7295238095238095,0.7155172413793104,0.5533333333333333,0.6240601503759399,0.8504380952380952,0.11984570000004169,0.04261320000023261,20260429_110129,missing_values,Plus de valeurs manquantes.
linear_svc,svm,standard,1,1,ok,,,0.798,0.7861904761904762,0.6376404494382022,0.7566666666666667,0.6920731707317073,0.8791428571428571,0.14568969999982073,0.046352599999408994,20260429_110129,missing_values,Plus de valeurs manquantes.
linear_svc,svm,standard,2,1,ok,,,0.783,0.7869047619047619,0.6050632911392405,0.7966666666666666,0.6877697841726619,0.8828714285714286,0.16173450000042067,0.04623840000022028,20260429_110129,missing_values,Plus de valeurs manquantes.
linear_svc,svm,standard,3,1,ok,,,0.781,0.7711904761904762,0.6103542234332425,0.7466666666666667,0.671664167916042,0.8707190476190476,0.1601396999994904,0.04780959999970946,20260429_110129,missing_values,Plus de valeurs manquantes.
random_forest,ensemble_tree,standard,1,1,ok,,,0.784,0.6676190476190476,0.795774647887324,0.37666666666666665,0.5113122171945701,0.8332761904761904,0.6179703000007066,0.11913519999961864,20260429_110129,missing_values,Plus de valeurs manquantes.
random_forest,ensemble_tree,standard,2,1,ok,,,0.792,0.6780952380952381,0.8194444444444444,0.3933333333333333,0.5315315315315315,0.8578023809523809,0.6298311999998987,0.10884389999955602,20260429_110129,missing_values,Plus de valeurs manquantes.
random_forest,ensemble_tree,standard,3,1,ok,,,0.796,0.679047619047619,0.8529411764705882,0.38666666666666666,0.5321100917431193,0.853654761904762,0.608078100000057,0.11004640000010113,20260429_110129,missing_values,Plus de valeurs manquantes.
hist_gradient_boosting,boosting,dense,1,1,error,This Pipeline instance is not fitted yet. Call 'fit' with appropriate arguments before using this estimator.,,,,,,,,,,20260429_110129,missing_values,Plus de valeurs manquantes.
hist_gradient_boosting,boosting,dense,2,1,error,This Pipeline instance is not fitted yet. Call 'fit' with appropriate arguments before using this estimator.,,,,,,,,,,20260429_110129,missing_values,Plus de valeurs manquantes.
hist_gradient_boosting,boosting,dense,3,1,error,This Pipeline instance is not fitted yet. Call 'fit' with appropriate arguments before using this estimator.,,,,,,,,,,20260429_110129,missing_values,Plus de valeurs manquantes.
mlp,neural_network,standard,1,1,ok,,,0.815,0.7497619047619047,0.7426160337552743,0.5866666666666667,0.6554934823091247,0.8699523809523809,0.7509835000000749,0.04586509999990085,20260429_110129,missing_values,Plus de valeurs manquantes.
mlp,neural_network,standard,2,1,ok,,,0.806,0.7652380952380953,0.6815068493150684,0.6633333333333333,0.6722972972972973,0.8822238095238095,0.626860299999862,0.043004900000596535,20260429_110129,missing_values,Plus de valeurs manquantes.
mlp,neural_network,standard,3,1,ok,,,0.808,0.7361904761904762,0.7389380530973452,0.5566666666666666,0.6349809885931559,0.8690000000000001,0.4627196000001277,0.04077870000037365,20260429_110129,missing_values,Plus de valeurs manquantes.
dummy,baseline,standard,1,0,error,empty vocabulary; perhaps the documents only contain stop words,,,,,,,,,,20260429_110129,text_removed,Colonne texte neutralisée pour mesurer son apport.
dummy,baseline,standard,2,0,error,empty vocabulary; perhaps the documents only contain stop words,,,,,,,,,,20260429_110129,text_removed,Colonne texte neutralisée pour mesurer son apport.
dummy,baseline,standard,3,0,error,empty vocabulary; perhaps the documents only contain stop words,,,,,,,,,,20260429_110129,text_removed,Colonne texte neutralisée pour mesurer son apport.
logistic_regression,linear,standard,1,0,error,empty vocabulary; perhaps the documents only contain stop words,,,,,,,,,,20260429_110129,text_removed,Colonne texte neutralisée pour mesurer son apport.
logistic_regression,linear,standard,2,0,error,empty vocabulary; perhaps the documents only contain stop words,,,,,,,,,,20260429_110129,text_removed,Colonne texte neutralisée pour mesurer son apport.
logistic_regression,linear,standard,3,0,error,empty vocabulary; perhaps the documents only contain stop words,,,,,,,,,,20260429_110129,text_removed,Colonne texte neutralisée pour mesurer son apport.
ridge_classifier,linear,standard,1,0,error,empty vocabulary; perhaps the documents only contain stop words,,,,,,,,,,20260429_110129,text_removed,Colonne texte neutralisée pour mesurer son apport.
ridge_classifier,linear,standard,2,0,error,empty vocabulary; perhaps the documents only contain stop words,,,,,,,,,,20260429_110129,text_removed,Colonne texte neutralisée pour mesurer son apport.
ridge_classifier,linear,standard,3,0,error,empty vocabulary; perhaps the documents only contain stop words,,,,,,,,,,20260429_110129,text_removed,Colonne texte neutralisée pour mesurer son apport.
sgd_classifier,linear,standard,1,0,error,empty vocabulary; perhaps the documents only contain stop words,,,,,,,,,,20260429_110129,text_removed,Colonne texte neutralisée pour mesurer son apport.
sgd_classifier,linear,standard,2,0,error,empty vocabulary; perhaps the documents only contain stop words,,,,,,,,,,20260429_110129,text_removed,Colonne texte neutralisée pour mesurer son apport.
sgd_classifier,linear,standard,3,0,error,empty vocabulary; perhaps the documents only contain stop words,,,,,,,,,,20260429_110129,text_removed,Colonne texte neutralisée pour mesurer son apport.
linear_svc,svm,standard,1,0,error,empty vocabulary; perhaps the documents only contain stop words,,,,,,,,,,20260429_110129,text_removed,Colonne texte neutralisée pour mesurer son apport.
linear_svc,svm,standard,2,0,error,empty vocabulary; perhaps the documents only contain stop words,,,,,,,,,,20260429_110129,text_removed,Colonne texte neutralisée pour mesurer son apport.
linear_svc,svm,standard,3,0,error,empty vocabulary; perhaps the documents only contain stop words,,,,,,,,,,20260429_110129,text_removed,Colonne texte neutralisée pour mesurer son apport.
random_forest,ensemble_tree,standard,1,0,error,empty vocabulary; perhaps the documents only contain stop words,,,,,,,,,,20260429_110129,text_removed,Colonne texte neutralisée pour mesurer son apport.
random_forest,ensemble_tree,standard,2,0,error,empty vocabulary; perhaps the documents only contain stop words,,,,,,,,,,20260429_110129,text_removed,Colonne texte neutralisée pour mesurer son apport.
random_forest,ensemble_tree,standard,3,0,error,empty vocabulary; perhaps the documents only contain stop words,,,,,,,,,,20260429_110129,text_removed,Colonne texte neutralisée pour mesurer son apport.
hist_gradient_boosting,boosting,dense,1,0,error,empty vocabulary; perhaps the documents only contain stop words,,,,,,,,,,20260429_110129,text_removed,Colonne texte neutralisée pour mesurer son apport.
hist_gradient_boosting,boosting,dense,2,0,error,empty vocabulary; perhaps the documents only contain stop words,,,,,,,,,,20260429_110129,text_removed,Colonne texte neutralisée pour mesurer son apport.
hist_gradient_boosting,boosting,dense,3,0,error,empty vocabulary; perhaps the documents only contain stop words,,,,,,,,,,20260429_110129,text_removed,Colonne texte neutralisée pour mesurer son apport.
mlp,neural_network,standard,1,0,error,empty vocabulary; perhaps the documents only contain stop words,,,,,,,,,,20260429_110129,text_removed,Colonne texte neutralisée pour mesurer son apport.
mlp,neural_network,standard,2,0,error,empty vocabulary; perhaps the documents only contain stop words,,,,,,,,,,20260429_110129,text_removed,Colonne texte neutralisée pour mesurer son apport.
mlp,neural_network,standard,3,0,error,empty vocabulary; perhaps the documents only contain stop words,,,,,,,,,,20260429_110129,text_removed,Colonne texte neutralisée pour mesurer son apport.
dummy,baseline,standard,1,1,error,empty vocabulary; perhaps the documents only contain stop words,,,,,,,,,,20260429_110129,text_removed,Colonne texte neutralisée pour mesurer son apport.
dummy,baseline,standard,2,1,error,empty vocabulary; perhaps the documents only contain stop words,,,,,,,,,,20260429_110129,text_removed,Colonne texte neutralisée pour mesurer son apport.
dummy,baseline,standard,3,1,error,empty vocabulary; perhaps the documents only contain stop words,,,,,,,,,,20260429_110129,text_removed,Colonne texte neutralisée pour mesurer son apport.
logistic_regression,linear,standard,1,1,error,empty vocabulary; perhaps the documents only contain stop words,,,,,,,,,,20260429_110129,text_removed,Colonne texte neutralisée pour mesurer son apport.
logistic_regression,linear,standard,2,1,error,empty vocabulary; perhaps the documents only contain stop words,,,,,,,,,,20260429_110129,text_removed,Colonne texte neutralisée pour mesurer son apport.
logistic_regression,linear,standard,3,1,error,empty vocabulary; perhaps the documents only contain stop words,,,,,,,,,,20260429_110129,text_removed,Colonne texte neutralisée pour mesurer son apport.
ridge_classifier,linear,standard,1,1,error,empty vocabulary; perhaps the documents only contain stop words,,,,,,,,,,20260429_110129,text_removed,Colonne texte neutralisée pour mesurer son apport.
ridge_classifier,linear,standard,2,1,error,empty vocabulary; perhaps the documents only contain stop words,,,,,,,,,,20260429_110129,text_removed,Colonne texte neutralisée pour mesurer son apport.
ridge_classifier,linear,standard,3,1,error,empty vocabulary; perhaps the documents only contain stop words,,,,,,,,,,20260429_110129,text_removed,Colonne texte neutralisée pour mesurer son apport.
sgd_classifier,linear,standard,1,1,error,empty vocabulary; perhaps the documents only contain stop words,,,,,,,,,,20260429_110129,text_removed,Colonne texte neutralisée pour mesurer son apport.
sgd_classifier,linear,standard,2,1,error,empty vocabulary; perhaps the documents only contain stop words,,,,,,,,,,20260429_110129,text_removed,Colonne texte neutralisée pour mesurer son apport.
sgd_classifier,linear,standard,3,1,error,empty vocabulary; perhaps the documents only contain stop words,,,,,,,,,,20260429_110129,text_removed,Colonne texte neutralisée pour mesurer son apport.
linear_svc,svm,standard,1,1,error,empty vocabulary; perhaps the documents only contain stop words,,,,,,,,,,20260429_110129,text_removed,Colonne texte neutralisée pour mesurer son apport.
linear_svc,svm,standard,2,1,error,empty vocabulary; perhaps the documents only contain stop words,,,,,,,,,,20260429_110129,text_removed,Colonne texte neutralisée pour mesurer son apport.
linear_svc,svm,standard,3,1,error,empty vocabulary; perhaps the documents only contain stop words,,,,,,,,,,20260429_110129,text_removed,Colonne texte neutralisée pour mesurer son apport.
random_forest,ensemble_tree,standard,1,1,error,empty vocabulary; perhaps the documents only contain stop words,,,,,,,,,,20260429_110129,text_removed,Colonne texte neutralisée pour mesurer son apport.
random_forest,ensemble_tree,standard,2,1,error,empty vocabulary; perhaps the documents only contain stop words,,,,,,,,,,20260429_110129,text_removed,Colonne texte neutralisée pour mesurer son apport.
random_forest,ensemble_tree,standard,3,1,error,empty vocabulary; perhaps the documents only contain stop words,,,,,,,,,,20260429_110129,text_removed,Colonne texte neutralisée pour mesurer son apport.
hist_gradient_boosting,boosting,dense,1,1,error,empty vocabulary; perhaps the documents only contain stop words,,,,,,,,,,20260429_110129,text_removed,Colonne texte neutralisée pour mesurer son apport.
hist_gradient_boosting,boosting,dense,2,1,error,empty vocabulary; perhaps the documents only contain stop words,,,,,,,,,,20260429_110129,text_removed,Colonne texte neutralisée pour mesurer son apport.
hist_gradient_boosting,boosting,dense,3,1,error,empty vocabulary; perhaps the documents only contain stop words,,,,,,,,,,20260429_110129,text_removed,Colonne texte neutralisée pour mesurer son apport.
mlp,neural_network,standard,1,1,error,empty vocabulary; perhaps the documents only contain stop words,,,,,,,,,,20260429_110129,text_removed,Colonne texte neutralisée pour mesurer son apport.
mlp,neural_network,standard,2,1,error,empty vocabulary; perhaps the documents only contain stop words,,,,,,,,,,20260429_110129,text_removed,Colonne texte neutralisée pour mesurer son apport.
mlp,neural_network,standard,3,1,error,empty vocabulary; perhaps the documents only contain stop words,,,,,,,,,,20260429_110129,text_removed,Colonne texte neutralisée pour mesurer son apport.
